Model,ModelSlug,Strategy,NumSamples,Accuracy,ExactAnyMatch,BLEU,METEOR,ROUGE-L,TokenF1,TokenPrecision,TokenRecall,LLM-Judge,LLM-Judge-Scored,LLM-Judge-ParseErrorRate
LLaVA-Phi-3-mini,llava,baseline,5000,0.4864666666666666,0.5218,0.1399505093886016,0.35814373589285003,0.5820301808983275,0.5755386334649183,0.5795016028089558,0.5866244787644788,0.5885,5000,0.0
Qwen2.5-VL-3B,qwen,baseline,5000,0.7727333333333333,0.8136,0.22500220077637678,0.5413368037070313,0.8471697723268735,0.8431676029792736,0.8449413415669298,0.8488705128205128,0.8548,5000,0.0
