Model,ModelSlug,Strategy,Accuracy,AccuracyImprovementOverRaw,LLM-Judge,LLMJudgeImprovementOverRaw
LLaVA-Phi-3-mini,llava,zeroshot_raw,0.2063333333333333,0.0,0.4927,0.0
LLaVA-Phi-3-mini,llava,baseline,0.4864666666666666,0.2801333333333333,0.5885,0.0958
LLaVA-Phi-3-mini,llava,task_description,0.4762666666666666,0.2699333333333333,0.585,0.09229999999999994
LLaVA-Phi-3-mini,llava,few_shot,0.37733333333333335,0.17100000000000004,0.5568,0.06409999999999993
Qwen2.5-VL-3B,qwen,zeroshot_raw,0.057,0.0,0.8333,0.0
Qwen2.5-VL-3B,qwen,baseline,0.7727333333333333,0.7157333333333332,0.8548,0.021499999999999964
Qwen2.5-VL-3B,qwen,task_description,0.7533333333333333,0.6963333333333332,0.8515,0.018199999999999994
Qwen2.5-VL-3B,qwen,few_shot,0.76,0.703,0.8419,0.008599999999999941
