Model,ModelSlug,Strategy,NumSamples,Accuracy,ExactAnyMatch,BLEU,METEOR,ROUGE-L,TokenF1,TokenPrecision,TokenRecall,LLM-Judge,LLM-Judge-Scored,LLM-Judge-ParseErrorRate
LLaVA-Phi-3-mini,llava,zeroshot_raw,5000,0.2063333333333333,0.2166,0.07372269362057218,0.2677325272566347,0.3257419278242247,0.3302547624023823,0.29879209048948985,0.5164723214773215,0.4927,5000,0.0
LLaVA-Phi-3-mini,llava,baseline,5000,0.4864666666666666,0.5218,0.1399505093886016,0.35814373589285003,0.5820301808983275,0.5755386334649183,0.5795016028089558,0.5866244787644788,0.5885,5000,0.0
LLaVA-Phi-3-mini,llava,task_description,5000,0.4762666666666666,0.5104,0.13474030539124224,0.34823457085843895,0.5716014556130793,0.5648933087174264,0.5696802064602065,0.5764063932613933,0.585,5000,0.0
LLaVA-Phi-3-mini,llava,few_shot,5000,0.37733333333333335,0.401,0.11489478790464991,0.3215147162510026,0.47937192354468716,0.4775928773867736,0.4680813595228301,0.5522732869232868,0.5568,5000,0.0
Qwen2.5-VL-3B,qwen,zeroshot_raw,5000,0.057,0.0608,0.06221596400744127,0.3751373577761683,0.2781235273377728,0.31146983381441995,0.2221629278750531,0.8255143099693101,0.8333,5000,0.0
Qwen2.5-VL-3B,qwen,baseline,5000,0.7727333333333333,0.8136,0.22500220077637678,0.5413368037070313,0.8471697723268735,0.8431676029792736,0.8449413415669298,0.8488705128205128,0.8548,5000,0.0
Qwen2.5-VL-3B,qwen,task_description,5000,0.7533333333333333,0.7962,0.21828432870207826,0.5375465846017474,0.8365700991101146,0.8332210006075795,0.8352811904761905,0.8404262698412698,0.8515,5000,0.0
Qwen2.5-VL-3B,qwen,few_shot,5000,0.76,0.8018,0.2095206136822084,0.5203922054855592,0.8349860767337239,0.8312496103896104,0.8379128571428573,0.8323966971916973,0.8419,5000,0.0
